How to dance ,2024-02-06
How to dance ,2024-02-06
How to Deploy Streamlit App,2024-02-06
Who are you ,2024-02-06
Give me an Image of food,2024-02-06
What if my data is normal distribution ,2024-02-06
What are limitations,2024-02-06
how to be consistence,2024-04-05
how to be consistence,2024-04-05
how to cook biryani give youtube video,2024-04-06
how to cook briyani,2024-04-06
how to cook briyani,2024-04-06
hello,2024-04-06
hello,2024-04-07
How to prepare for interview,2024-04-07
hi,2024-04-07
how to prepare for an interview,2024-04-07
preparation for interview tips,2024-07-09
how to prepare for interviews,2024-07-09
covid precautions,2024-10-31
give me some details about elon musk,2024-11-20
who is elon musk,2024-11-22
give me some details about elon musk,2024-11-22
how to cook biriyani,2024-11-22
who is elon musk,2024-11-22
who is elon musk,2024-11-22
who is elon musk,2024-11-22
who is elon musk,2024-11-23
Im having a symtoms of feaver and cold suddest a medicine,2024-11-24
Im having a symtoms of feaver and cold suggest a medicine,2024-11-24
Im having a symtoms of feaver suggest a medicine,2024-11-24
suggest medicine for typhoid,2024-11-24
suggest medicine for typhoid,2024-11-24
give the medicine for the typhoid and suggestions ,2024-11-25
give the medicine for the typhoid and suggestions ,2024-11-27
give the medicine for the typhoid and suggestions ,2024-11-27
how to make classin indian biriyani,2024-12-09
suggest me a medicine for typhoid,2024-12-09
Home remidy treatment for melasma,2024-12-09
hello,2025-01-06
hello,2025-03-12
hello,2025-03-12
hi,2025-11-12
hi,2025-11-12
hi,2025-11-12
Home remidy treatment for melasma,2025-11-12
Home remidy treatment for melasma,2025-11-12
Home remidy treatment for melasma,2025-11-12
Home remidy treatment for melasma,2025-11-12
